,0,1,2,3,4,5,6,7,8,9,10,11,12,13,14,15,16,17,18,19,20,21,22,23,24,25,26,27,28,29,30,31,32,33,34,35,36,37,38,39,40,41,42,43,44,45,46,47,48,49,50,51,52,53,54,55,56,57,58,59,60,61,62,63
0,0.36166500414127306,0.06377131150032338,0.17105760050076485,-0.00331836549717516,-0.22388213556128506,0.39627174813925453,0.05447549368268704,0.4545303333080028,-0.1656999476727653,-0.12129429331294292,0.24631336947228621,-0.19130787423934675,-0.39274629640511427,0.07787606441739395,0.48847466709410675,0.1372836784352986,0.7001936076369791,0.08453711453276495,0.6637474590836385,-0.30718603150915863,0.5816136856332325,0.5882442894241237,0.4436540390231327,-0.7731443630123896,0.17893287797554105,0.5694083976342138,-0.19614936884369857,0.21483343851855763,0.4523632112863111,-0.10742755140547469,-0.13010563716348728,-0.4864687406189857,0.17398251785688368,0.8489715441618123,-0.31404722337311064,0.6895967972475904,0.09287241389053638,-0.3745200004064348,0.031667522021379665,-0.065635134023753,1.1971713514848867,-0.2316697385582772,-0.28549436431498054,-0.25107365554015315,0.659957479170183,0.538805173737594,-0.03851597786924668,-0.22730124990471748,-0.2254377476650898,-0.06071386497257789,0.21684934076866758,0.1784944469335509,-0.30037354302404806,0.34322068475259593,0.5115896049815057,0.4341718606710761,0.33067819256463077,0.6387852072660234,0.5762402247288735,-0.11958178478019743,-0.0682693662572997,0.045742661964630706,-0.46983421394898867,0.18943025040162786
1,-0.2254582718038147,-1.3213792771055937,0.6914031078366799,-0.6752777110209627,0.06882253830828755,0.5647249769404034,-0.3920116256878425,0.9678604590887209,0.36644988628064395,0.4573582432760228,0.09755002912882312,0.45370556426245323,0.1123345230634274,-0.8638517133003142,-0.9548489632336566,0.4968971491695442,-0.053785733929536714,1.195107709353664,-0.5526292987903786,-0.4791838645036505,0.5020245122933136,0.101479186304273,0.16548369426445014,-0.020221328223993612,0.6122062464508193,0.2470421601764724,-0.927617303422938,0.194697378651794,0.19861766609204445,-0.35155633991373975,0.2925940710048603,-0.2611369812085585,-1.033334263168664,-0.30715027223214625,0.9276146635678065,-1.327552193663473,-0.9206335748978536,-0.5661340711098957,0.06764134707554303,0.29531430977661133,-0.16881891043719865,0.2647616210471243,0.0467060572288309,0.9891416829046735,0.8667913339365954,-0.20030124502361227,0.3869409574155793,0.12231341601361398,1.326381843481554,-0.47453540754343093,-0.3177599830506442,-0.7958042277984808,0.5214829573475405,-0.7812138771555824,-0.3074221298192958,0.9157133166176846,0.43199012702950934,0.0887470784805142,-1.3167283488905737,0.6739874243760278,0.8695735096505158,0.9087723000358386,-0.10802357136645369,-0.4803813957420519
2,-0.5240764952022238,0.7275241300801878,0.0360665619561691,0.2520095435118256,-0.14943136957930542,0.05806332741506098,-0.4213292268706925,-0.059252432426453845,0.2658246361614982,0.13714851777707665,-0.9483741505118368,-0.5830432553264715,-0.04122190402802424,0.2746873307922836,0.6097090965125046,-0.305585886428999,-0.1733702124548287,0.0028423182180512966,-0.1775976941503947,0.6792303532815247,-0.4451046903853808,-0.45188409278319597,0.40671861894911865,-0.1435879172669978,-0.35731856934471207,-0.15666113357907044,0.9910805773652802,0.054419345248275845,-0.270075337397767,0.1862124537670148,-0.07250396769250642,-0.401970902138298,0.25647788588566434,-0.2893423795564078,-0.11449042183787551,0.20205260259251756,0.1889443156871364,-0.4610908672346518,-0.7014882846351196,-0.5453352460690454,0.13046176993114483,0.25251092316475926,0.29974209371343163,0.21752775395492224,-0.4232607824857705,-0.3865466027239485,-0.616764643682648,0.4209961411952329,0.1932659068446405,0.0836509557616438,0.019719459102446067,-0.06529894345225158,-0.7281994191773793,0.2884641808565243,-0.5591262421737468,-0.42508044622639335,-0.4370561787703409,0.28618404368806705,-0.2607945789476096,-0.08245320298965127,0.5320665010739208,-0.3503092690212824,0.0489991832145985,-0.19250203204644845
3,0.4913690836128237,0.28197301256236823,-1.557524754762898,-0.14331060174349783,0.6210573712953548,-0.9619670724725694,1.0870686765057083,-0.32884966295740514,-0.47513383298134126,-0.255161009447604,0.07267273892238925,0.44903325385213994,0.8155424840973043,0.030961836619444176,0.43439609345380514,-0.4237656565896365,-0.4111927060984533,-0.9569740402704675,0.1744493009520601,0.4175174439048733,-0.06254543645204952,-0.21616161513362675,0.2418122705287556,-0.43384696748384466,-0.5949079055240566,-0.14899619790055418,1.029404880452768,-0.6582742874345682,0.6922447517722028,1.0252674393322967,-0.4278072682820556,0.7834161971619331,0.7331891427452214,-0.09258168443984796,-0.8735861106347396,0.25010036549497144,0.5717547532474139,0.7430266861760665,-0.4745068390968629,-0.2335157866053808,-0.13953144808226386,-0.0721762303158984,-0.04826506602913357,-0.4253495862793126,-0.25373477422648844,0.9763563724628214,-0.6594581109735234,-0.4374771259846708,-0.5387883445808268,0.8181127373303931,0.23466830981001477,0.08149855748701493,-0.34711220770252865,0.9892496395436396,-0.14071131767585487,-0.9825999156629156,-0.3291063691529426,0.09209959347449992,0.427750233103183,-0.2250750788954061,-1.2018170289436445,-0.5597166302724437,0.9143927276235034,-0.5170110764796337
4,0.3169584266603298,-0.08037289404335808,0.20898332194400265,-0.13094557957084638,-0.42445625765265027,0.05132390159957996,-0.0702394613812268,0.3939703899246361,0.4369229211716269,-0.11093530407300528,0.3627077819320813,-0.18205740257608655,0.4926860253899818,-0.6281839344433194,-0.07860242781720171,0.1494654799922321,-0.047337825805077755,0.42743410109755964,-0.3957500879982426,-0.3691927992713447,0.1242758395899703,0.3345789850443236,0.14765802006961706,0.5171727102069402,0.2843817992290502,-0.1751999554234327,-0.6559806829679392,0.27121264146310137,-0.18197790875899436,-0.29753909774209175,0.4589048901141829,0.032654732171245794,-0.055394060870415554,0.17113686077155232,0.7287981780021311,-0.5196751670825869,0.3243497426096363,-0.010582307526749216,-0.22598222652991162,0.467375463196506,-0.27153358091071206,-0.2182678628409219,-0.6673167182512211,0.4470892174499223,-0.10369171996074161,-0.8871929060525723,0.48839480164170973,-0.03593176661910169,0.24585664622552084,-0.15765313029169023,0.08737261221768802,-0.5331668067250351,-0.16172622614846938,-0.3221481296663668,0.21850162169905596,0.6284843432832197,-0.15363596953040207,-0.12458871023416959,-1.4021647250241573,0.25915221094896257,0.15905005856984722,0.38128436654381703,0.3096519903265177,0.03406743768232738
5,0.4603516286763014,-0.2100653740642047,0.4143177036570349,0.20819378325991128,-0.5170921126064049,0.029590192319075583,-0.19980523879032383,-0.10188511043407643,1.4301779950954563,1.0275573432291791,0.24622058732804225,-0.19431674287325876,-0.6317261135016594,-0.15950776080627183,-0.4941450557458224,0.17575248934866777,0.46798939791518956,0.5008702585054275,-0.9850024691111089,0.7064424717183823,-0.6300915531979415,0.7196953164921703,-0.8454051681405078,0.7754022716771614,0.5376601392647627,0.19108986335971698,-0.8318455979276029,0.9817452448815918,-0.18505115602562258,-0.8834424855499828,-0.021870943378161353,0.0414226684516218,-0.7078810150070814,-0.48987653197154085,0.7521892866049054,-0.49011402384945246,-0.3901905135691374,0.1441783007385332,0.5651742522638394,0.26450634956735186,-0.6576968589821951,-0.5787799649997206,0.24604373761646364,-0.3441560590014891,-0.2914244834038652,-0.33049810228848336,-0.12002863468123064,-0.17026455515933203,-0.6184030162894089,-0.2700046693142417,0.039202597074817505,0.6428737962452721,-0.007704407640385109,-0.4043355932560291,0.11610215253806856,0.3240269132078845,-0.1008866009307101,-0.6304675167575375,0.012354782899113233,0.20752918456820685,-0.013198217448628828,0.5016485649662583,0.8882445548158112,0.5192386259881737
6,-0.5591738973444972,0.5121397346726639,-0.920876377943341,-0.885273979112507,0.28069914115902556,0.21285559733051368,-1.0591180924738588,-2.4120635114860765,-1.374172880550071,0.7014167194117973,-0.5866857104272081,0.1743050660102617,0.04653439462137571,0.33780103948006623,-1.0775809715113558,0.798877027410162,-1.4104285887712549,-1.533734525467381,1.6332380539975038,2.2155101622638314,-0.25910882018332665,-1.4772423975729532,-0.49741721711436243,1.0256003472355855,-1.3049142904258182,-1.2928123882249931,-0.19685331881792578,-1.3141393108340464,-1.0412494849745122,1.0508277697025588,-1.276454257398098,1.147715420908207,0.0029731797948200946,-0.6232540291638374,-1.4207752604050192,0.8722958124567427,-0.5730771012863771,-0.16007487954522212,-0.010423679163946584,-0.26055014360180373,-1.1476332838325536,0.22570317503943105,0.24527750460273057,-1.0582653009659868,-1.8156766314417325,-1.3547936618542469,0.9612222452311947,1.2389434241772306,-0.7662245815514747,0.4337949276009047,-1.4579126725483356,0.3213005406074625,-0.08893355876949295,-0.03890219035272237,-1.746550243094606,-1.8432527278818207,-2.1062794526609077,-0.5842405331514454,0.8261960910853265,-0.9114291221573847,0.20551576155660395,-0.8839517016887469,-0.07477645284772591,-1.2345180556273985
7,-0.894744371409303,0.5377625387513864,1.8090451673540264,0.9961645112791211,-0.024067860898517566,1.574325405343756,-0.04862364085990962,-0.5233350071934891,-0.9935208308360688,-2.2348656903330006,0.19664023679349274,-2.1932860305975894,-0.8792250167531122,0.810666979197462,0.27213845142443693,0.3296600990307592,-0.16705707785196428,0.23373645315148808,-0.4060630406414546,0.3277112740234306,0.18491136201656405,-0.376627141075263,-1.272276035087403,0.27560301651202473,-0.7617483149103619,-0.6987474150226007,-0.7690446714301441,1.5835588388776445,-1.0383394497772833,-0.7073737978405523,2.053851297648072,-1.0683463880447714,-0.4784886741271906,0.20998689216991467,1.5582425074412365,0.21635217368738216,-1.2078567263247806,0.3159468846052324,0.11436498473775188,1.0037611606742056,0.36035246833014034,0.6589511515929609,0.23608894464426614,-1.1459088504253976,0.21445111599702701,-0.7536107237550806,0.22062909124177865,1.4316944255103903,-0.010533086438878387,-1.540272106019161,-0.2399917236070094,-0.9989526654726288,1.191616729988705,-0.5034259999289636,-0.8947203365419629,-0.19389050662875976,0.923440595131912,2.7956553990422317,0.25854012844004964,-2.0292648901099066,0.40064013416974426,-1.0303486588392385,-0.7733969127509892,2.0029290176779044
8,0.30525930654725814,0.7713492004771467,-0.3749039238912165,0.5224213506705201,-0.46070101796931295,-0.6267648844148627,0.2652451953264599,0.1532206396363501,-0.01438272558535664,-0.8484529914875044,0.04523893732637207,-0.438989345865808,0.42976341598923595,0.014871036884167783,0.9788129065027834,0.17934758644915022,0.19684543419552475,-0.18934783338489777,-0.010286755754790898,0.19277126841289272,-0.35420651455272195,0.6683110121497581,0.09931411801177,0.3587958204485121,-0.6707346727925539,-0.44784832753492027,0.2283612963737416,0.04501450806016232,0.012055591303700288,0.09212764173832519,-0.02822726955464604,-0.1736290356933735,0.8977961216950358,0.2519541237419695,-0.1334560294326941,-0.002074780895972109,0.7810871891861764,0.48617676868752907,-0.8034179415816651,-0.2892079719482458,-0.36149878478131026,-0.5533535383949605,0.14363617357530734,-0.5643606836854901,-0.6951758649113274,-0.0546240455679779,-0.5202307653478232,-0.39865597115268564,-0.38608559951253274,0.5288082421183024,-0.02595870660922685,0.21996702021360612,-0.28467068811319124,0.8910200783309503,0.7069653290589887,0.08820574139261142,0.3829120274625627,0.030341569874058907,-0.07652312293143809,0.44491517798562963,-0.6168673199573831,-0.062693652764207,-0.3895755127665881,0.2364405834390142
9,1.0099688157559266,0.2628366644461137,-0.52161937885395,-0.7202317018272112,0.19998532435996125,-0.4145229268147315,0.028055480253536644,-0.2519317125089591,-0.08551320580868543,0.29799289853304056,-0.20851491958094379,0.7173455954933899,-0.21245581362374463,0.2926531083800428,0.4097875566783932,-0.5273976409939917,0.5978825522909231,-0.73497488132876,0.2337775932074499,0.09552224580539526,-0.5956362488763118,0.24271156461198928,0.27395178559983296,-0.27568014072638164,-0.092097305464493,-0.028013945453080856,0.778827115155071,-0.5543935615915511,0.6531663060322964,0.25602036816044393,-0.631901071941878,0.12221787799603226,0.6563109902090055,0.4438593643441295,-0.9805405604771766,0.5833404918354389,0.766457345855568,-0.4163815311891823,0.03547111795264835,-0.6847251241959276,-0.14254109117759872,-0.6627379469741789,0.5498646498615269,0.07951536227168277,0.03234582416741835,0.6884641888059511,-0.73156178162603,-0.15839353756181482,0.08720235458729379,0.8806557370462473,-0.05243723086053644,0.15455272261123149,-0.6507195009810737,0.37479944592393855,0.6520731841685612,-0.2630937628440173,-0.1611104636904229,-0.6329573776020291,0.6589608574047775,-0.0023892250192886657,-0.6952671841238341,-0.06159064350895608,-0.06969420026349928,-0.3683070892515175
10,0.07766973179963352,-1.6405308471036937,0.7365620331759786,-0.5272749108097559,-0.43218050629226523,0.1649601285554902,-0.6859146920817033,-0.35285822014183,0.20959474645164577,-0.02769496672688294,0.9643293661814696,0.7188543067376689,-0.05115390600009493,-1.0986801200030827,-1.104785944152343,0.9175272253408556,-0.2500071875380206,-0.13849068303063053,0.018266574530690183,-0.2555102767102348,0.1739769833898739,0.4408970876767093,-1.1553383363752692,-0.4294472384697823,-0.04222036276364139,0.6943305178355427,-0.8419335813520625,-0.19181889855716247,-0.34206475647135254,-0.17775000654625248,0.48361992199993253,0.6143995381909403,-0.9798440065871606,0.057866496154946954,0.566502614993381,-0.5738380833091891,-0.8561405292824575,0.2941762441793703,0.5018617739048056,-0.2836464832009579,0.5563120208971947,-0.11538794948386451,0.3078798937600972,0.881273720052339,0.9173668881204398,-0.19797792109073994,1.0450627734942803,0.9671965172016085,0.5538924022480746,-0.5342272285324333,-1.1119723250099347,0.005729233148556599,0.6909585523682965,-0.7440110360936963,-0.17458360807750103,0.7687716364307321,-0.46503196747576264,-0.19115980105281852,-0.05927189616232557,0.05505154834578604,0.4694401260827668,0.6923652399157544,-0.2450830704777052,0.09432442412365133
11,-0.5421380241717764,-0.40612948296475765,-0.6539271813170219,1.3726808244751856,-0.7003435346923568,0.4988281187849556,1.1036330241752765,0.012595178313886072,0.20394741679012354,-0.2856837764186953,0.8709067739736975,-0.2957720922246049,-0.0014313381289868352,0.4328437094149586,0.46771289202111255,-0.8998851889642219,-0.020413484169484943,0.28457469435684596,-0.8586360305704545,-0.6066455209363095,0.026962398826441844,0.8088959407823008,-0.665663177057883,0.9662674522690989,-0.15916591683272824,-1.1075213709374203,0.303715343443136,-0.2765320807445752,-0.7832434686986437,-0.42602743976879404,-0.5378443129683168,-0.8615041338092334,0.40348652843787175,-1.35608416098482,0.03086694453844811,-0.38252014066982554,0.7504201466886791,0.6571409669546124,0.028433729661705775,-0.40180085219502204,-0.5056795274548432,0.5085401381890945,-0.09832090919851734,-0.6899055193524778,-0.7080215245869617,0.45190648843644204,0.38989204373080566,-1.627782101791657,-0.5836392959684525,0.5090204727730571,0.8688085383215622,0.2662465201867357,0.6537327804562774,0.0015482866629216575,0.7793063889656198,0.37292593372237104,0.3976087361228083,-0.6752438490220849,0.3665122669374676,0.2874428755081055,-0.13403122463862602,-0.766958834203963,0.9035796410775222,0.29122688488003035
12,0.0050469047568481905,0.020157598453072658,-0.09611521984530447,0.16602542118557645,0.6104838626282764,-0.48847212043160676,0.6419675917148547,-0.7652750187356874,0.18452655472421434,-0.11798015151867837,-0.01385945530107045,-0.18654300601091345,1.5823441338785542,-0.056694985333468895,-0.10929611827584618,0.42750870935835406,-1.1615593289278763,-0.28826956483729677,0.040610731562531525,-0.03827280547506233,-0.05810220369242893,-0.15785580970128849,-1.0498057674969266,-0.36103803098226994,-0.17994464737021718,0.8201593468014494,-0.16554246028620734,0.3250289746283533,-0.7977877886288699,-0.013833057309410602,0.43714517538073944,0.8036331676096774,-0.04767816468474021,-0.21878957366982063,0.33482121829380024,0.25087973514635104,-0.9056627715192512,0.5248350308183158,0.9372368678505695,0.45768382322112433,-0.3194646025217168,1.4276734480975553,0.08923537832066646,0.1585601430625003,0.34771065326107825,-0.14482112091496008,0.2288346016767172,1.080031913890284,0.3785813470954939,-0.6246270810692491,0.12369877639449493,0.3344024283790653,-0.10281542896221797,-0.10824387123625355,-0.9993920123230147,-0.737655296514467,-0.9508981760455211,0.37521135405182815,0.10990660216024176,-0.8776234939762957,0.30360172174003874,-0.7806812543565976,0.3668591363236851,0.43791984338906165
13,-0.7295459369119165,-0.12227469897532794,-0.5265148348126337,-1.021701410441639,0.5243504295292786,-1.0098310330998386,-0.27470533291721627,-0.060055053307198514,0.04429531082781186,0.5719696638387802,-0.284401219664683,0.6898933147292041,-0.1481580359778917,0.3971048333533939,-1.1655215949725986,-0.5301702790912691,-0.31588423423263107,-0.053755676707993263,-0.21908762108094676,0.33039750556851716,-0.6193297256893255,-1.0760132046738862,0.13667901422405979,0.1146573785655796,0.8960682017307517,-0.12112370715429038,0.13415064154715836,-0.8834939870932258,0.48343931876029517,0.44212240436241224,-0.007967017616578862,1.248358524225263,0.1403222901605369,-0.8748022798135124,-0.17004095797511107,-1.1537500747631886,-0.4459251439745429,0.052808087561481094,0.9679573914785514,0.3704465745329435,-0.29819197803536596,-0.06726316003345108,1.0795411126041539,0.8873677136863191,-0.04094723346488841,-0.09305526957905115,-0.20929618390313473,-0.009895284591279023,-0.5155291574319969,0.5824202904184067,-0.5817537636322031,0.002992184648022202,0.772965484238926,-0.24007693972778538,-0.4370484944960888,-0.6225495858966792,0.15556745112873951,-0.11145023346328853,-0.06744475294569235,0.5773478595429918,1.075636619545425,-0.7233479458271889,-0.26794351086811863,-0.969531455714938
14,-1.6139511636444037,1.3168494147579533,0.9023337711151163,0.32796561699225085,0.19510277107234159,0.6721604614047816,0.1697566521904628,-1.5306363992431935,-0.9779749444598914,0.22126499482822062,-1.0572768119253682,-0.7773223998484091,-0.35440634679456035,0.8148353152565256,0.7299740833973747,-0.6098557331013116,0.030222158616113524,-0.06363380152194865,1.125818838545993,-0.5652001076633244,-0.123244426256339,-1.3310628435821972,1.1614401614239287,-0.5287119675172443,-0.9069419710639649,-1.122056570217842,0.13178341663708518,-0.40890524594016125,-1.865151275514397,1.2931088653018106,-0.2846318052182684,-0.10002284559282094,0.6112152467707194,0.8828766413579154,-0.14637582847230488,1.0135786789516852,-0.8005524196473601,-1.2029709212298976,-1.4405035378122548,-0.1355576543883564,-0.257381441000486,0.5046082061050946,-0.13317541439061556,0.17780867704365236,-1.7913216125918898,-1.2052557112472395,1.7708508726920398,1.760530285865624,0.6994548137108334,-0.7426990421475794,-0.4052538658995383,0.47300504951111405,-1.506390142739236,-0.3983211580804502,-1.1932197779374667,-0.26761923162593015,-0.7484419176763764,0.19783132826601993,0.17800387570647178,-0.7267257576943636,-0.12214023584226424,-0.8202203756696453,0.40216201270571866,0.3297317481618834
15,0.5757691967068953,0.5345566895417466,0.3521430714602296,-0.6253306712709633,0.5639387824610608,0.1171942041538326,-0.5574092421525882,-1.5806653809072984,-1.5544027428457228,-0.5269843557099813,0.33892419458630424,0.03892686157375646,-0.5927525650603309,1.190216122665479,-0.1348977146199886,0.4670259924732044,0.43953426570853826,-1.0050977710333686,1.7278515421934717,0.06809407680958153,-0.38704285471024713,-0.3756283453864227,0.21930236557109764,-0.5977772230720746,-1.0578165171235432,-0.7381492737148942,-0.12784349467396036,-1.0444287885701498,-1.1980292006730102,0.7721127545121705,-0.6135084172188024,-0.2339827365084217,0.7193815209902135,0.3081621838633199,-1.4570195247932458,0.21825986664041913,-0.19644752574466726,-0.5623162238113899,0.332502023680241,0.36760724358251645,-0.7990514955710943,-1.0340835471963885,0.5394848353425975,-1.022530341315939,-0.16363796604067746,-0.27622222113214734,0.6120661001262818,0.45620208750168084,-0.6847177996117566,0.4507221960289885,-0.5892065087736544,1.5618615654354804,-0.5045144608084068,0.9577390502880131,0.41889422502209095,-0.7407441791381504,-1.1925521288657432,0.008513690190304051,0.7923680476732913,-0.966477270632646,-0.21519508154165426,-0.6253370266989499,-0.5087163994999302,0.5355552978552767
16,-0.45148597473867397,0.2616918496386803,-0.7726865963657876,1.1555167609372659,2.0377191230125136,-1.2509693424009534,1.315907972187042,-0.058649812462835044,-0.7441680023150237,0.04112350337210535,1.6824627400986407,1.7863942651495994,-0.6478824940719534,1.6708923376521105,-0.4379707075867172,-1.5689232229551542,-0.31942430434670704,-0.8565637431712066,-1.2729821340618812,0.52230113465087,-1.0849399328474325,-1.9119614547542387,1.1752211818859466,0.5459733821262477,-0.18601514511118197,0.06879041070758284,0.8177514100014042,-0.612092578244301,0.2543824153987734,1.1195008133800237,0.2708587376120873,0.810922601456553,0.16743049026957987,-1.1767149033485291,-0.5005771929431126,0.443620095709641,0.0012492534149263598,1.3683461164948165,0.7878444457772623,1.1612490086372846,0.22120095849076524,0.7291954110259924,-0.43684685022081937,-0.6124889289007566,-0.44745399023612537,1.742664740940787,-0.182978587888693,-1.9104549207075487,-1.3344403301754146,1.118016954316632,1.1632493426658914,0.9108992543946656,-0.07174408969141433,-0.7893025981188674,0.5996160004358423,-1.7076639260315387,0.14622409986878732,-0.22472679877797963,0.7644627922702005,-0.07809338329866987,-0.7517671687030597,-0.8755492381083227,2.0288074073887956,-0.24964366062978288
17,-2.7886195168471675,-1.351731170666116,-0.8286312432475766,-0.6556324118222342,2.0438526076181565,-2.13561473325011,-0.8644359288141535,-2.8770901006681022,-0.27192493418848734,1.1411456834914484,1.278943653352902,0.7812771594292142,0.014604924980535177,2.2222392093628907,-2.379812481232751,-0.9164669016989563,-1.55720667737401,-0.9403883892316909,0.9020740064787998,0.03567155730034331,-2.4735936099563536,-2.6289563087678016,-0.8591063451976425,1.6369863869625592,2.8916990365419624,-2.206837560763664,0.06250971371626311,-2.339236121208029,-0.25436807739998524,3.1464200294177798,2.024029335517387,2.5313205188822114,-0.14151414171304916,-2.4055709504279954,-2.0052768846678575,-0.25787136441331254,-1.4635536480917666,-1.3412168032625857,1.5547196300947919,2.618407607895838,1.6227156105711347,-2.381287638547106,3.2843914843272684,1.9629399512691663,0.7243929528172135,-0.35199916854028745,0.3150137516226275,-0.4804376795154294,-2.65521362340587,3.1038994907554085,-2.5216376147974406,1.338563014292073,1.9271711298862075,-0.23624646784543943,-1.6631228981056956,-2.910003972599578,1.0142919430432822,0.16445149448784346,0.6451005703332977,0.8952742223350308,-0.6786034124976827,-3.141232091725883,0.6414833828337595,-1.2467061167313767
18,-0.14317151867940187,-0.4900961280461697,-0.4510836066405855,0.5416147078498833,-0.9981895710455808,-0.4999440016894064,-0.14332549087061802,0.18529993310348375,0.8847086499858925,1.306829977486667,-0.842631189717557,-0.5839689460301924,0.8891964114127342,-1.0577186434744283,0.1812885984301837,0.20291323031573802,-0.7163690283806576,0.0598343021862129,-0.12228990883270481,0.5881760094480124,0.675745703143488,-0.028859050343975592,-1.204637943368962,1.1296620899624736,0.07124328501135456,0.14421828929664446,-0.09624533705406499,0.8769818923909829,-0.19703672565818567,-0.5284323603167778,0.4354478486518232,1.0658892710238994,-1.4497447552773906,0.7611739740761614,0.42785474538215307,0.4017603937336545,-0.8607113847999072,0.1571514143171922,-0.30860502900391634,-0.2465558843638315,0.8547574449237102,0.15092656981757688,-0.1926460501892895,-0.7413271587723158,-0.06676408075571819,-0.5774746610413305,0.9896877462192111,0.1213859255209488,0.23551118733039228,-0.7524473060866691,-0.9679159661638622,-0.31998748617637296,0.8752504700484277,0.5578352950025205,-0.4725589944314263,0.5973653302302278,0.7942367400060715,-0.178224425903121,0.2926405902999944,0.15842446674518598,-0.4370833546624182,0.5896081723857798,-0.08302511336695335,0.6402486810763763
19,-0.8920133117870803,0.3254325930562765,-0.3024146636204682,-0.05769877141724332,0.5491958804638702,0.25685061942816917,0.04148971034328649,1.1328936699975864,-0.24330562221049187,-0.22982053201068656,-0.5465372475022185,-0.00012765537159689,-0.24115491634498626,-0.3638178310975454,-0.5418239720662248,-0.029644764567035933,-0.5311362543923641,0.7552812867809694,0.3486376206444575,-0.9618103573041303,1.1418359790753023,-0.5565901139791516,0.8336888708267984,0.35173633403856147,0.35446211598327826,0.0651518766792574,0.24273505074212534,-0.05593491359350459,1.0796595653076222,-0.0025558390424559986,-0.03151568370745865,-0.34671343454387255,-0.07436972170645031,-0.377073354295242,0.42871947234491714,-0.5100573480981176,0.3067326992684617,-0.06076119814869991,-0.31741732245202653,0.08857397139141943,-0.3070763938885593,0.9484117160182104,-0.9069853402701813,0.19476179448185035,0.38049214813834853,-0.13082938786990977,0.19255209789244374,-0.48736381156655056,0.5587699045128823,-0.6439505783326902,0.4796051645113779,-1.7693305378729336,0.6404472085192088,-0.7015708827833188,-0.5552261727712597,-0.25158651342077415,0.3034565426738997,0.06900753134715304,-0.6419456014654014,0.7835642002229477,0.453427638637624,-0.05600398109166856,-0.2653737657827408,-0.8721210490501053
20,0.09453452803019777,-0.007261104073822425,-0.9111079595919728,-0.5397796036859354,1.5242165185289729,-0.3896902152961562,-1.1997289483471139,1.326648874436142,-1.2104164466595628,-0.4418613306583062,-1.0993241658224435,0.16145261356960589,1.0155579584838317,-0.5281766279054854,-2.0040741637930126,2.3236438223203697,-1.6438779412524887,0.4605323139670093,-0.3647153613338035,1.5581260033886755,0.07260563454531846,0.9479424041456991,-0.5531747175809708,0.5763116941975414,-0.5685249270047061,2.366376073477208,-0.9917914544687016,-0.21023699347286265,1.1128897389891816,0.02510072315268062,-0.891274546454557,0.9174427872946729,0.22350047791881247,-1.1476163920870142,-0.3923845790523837,-2.2817625858484343,-0.7552063915432338,0.01580850726088839,0.1508847076960382,-0.3739423992428473,1.7984603808254314,-0.13277553729128694,0.702971303076891,-1.2245911375585332,-1.6870995553735073,1.1601822872359189,-1.012731255992942,1.8246393189843302,-0.09996470152243804,-0.5264465273186832,-0.8988625500747262,-0.6555784017467585,1.0738392474217446,-1.2628419185394486,-1.2436246995155,-1.4584100251828327,1.699771293044412,1.1364228835465715,0.6715927167457066,0.08052732912422117,1.1352195071556723,0.5670676945175208,-0.7805117393947512,-0.8995835335063185
21,-0.42483086848006535,-1.3843752816903652,1.8333226101228526,0.27061807233262347,0.19723084971611884,1.5059105206130188,-0.06730222759681218,0.8589129680997705,0.2701711243982015,-0.9748907034995797,0.23430117247018048,-0.6998988180711907,-0.3342885002639923,-0.7648626342774708,-0.691020844447851,0.7078866643340145,-0.3759493279227102,1.2665158460022186,-0.26634595722911475,-0.6878134782630023,1.5915744242160719,0.08658649927730734,-0.6040099713441773,-0.8803673910983485,1.1902615209203273,1.2063494123768623,-1.4964710217971293,1.3182617347809362,-0.1915514592052821,-1.3217575410881752,1.3760731343627548,-0.30233524570617903,-1.7554808350565552,0.4979913223104233,1.642954880111186,-0.41906913168807175,-1.3137099068042082,-0.3365348962200212,0.5058114945089308,0.8573956849443716,0.29412702099821797,0.9346914197833651,-1.0717184916258033,0.8356835502803743,0.9675221050943377,-0.39894007460565145,0.704174249078382,0.8320175084941973,0.7903920539825647,-1.7793124411181325,0.6373662953270509,-1.2719005515777966,1.4349351244631845,-1.2287839752181435,-0.938649896808736,1.3115715931150749,0.7375207612916603,0.7795365984094665,-0.35192490225556833,-0.7413361602330721,1.3336767918440864,1.5782307142966707,-1.0287305687926234,1.2618584909210153
22,-0.07391883072174608,1.0265506966287714,-0.7385301436762657,-0.5408234222302628,-0.09100344382111908,-0.0766843298248496,-0.732769306923397,-0.11480773062732753,-1.2153372139039216,0.07603855080493659,-1.4853128125107324,-0.5040577195917656,-0.6605831526660371,0.4088207853789156,0.1363950204978458,-1.9143210655177414,0.1834205409592824,-0.722724937478315,1.0687392781891596,-0.2585733218161566,-0.20439487821877209,-0.7045366848876965,0.8307771857833393,0.5481175351449158,-0.17523940380373634,-0.8895154029134692,1.8943869007280991,-0.5112434225186785,1.0906023568513388,0.24596426126718693,-1.5490257800387277,-0.31900658348448585,0.1521209160924675,-0.3170902291760082,-1.2446526036819534,1.482645902184372,2.042058950504459,-0.5423527481696534,0.1517543644519373,-1.9865516422658067,1.1082545498463245,1.393570733994583,0.4231915340953474,-0.026209692907068628,0.2771340768627405,0.6860455043640339,-1.5905570703847844,0.3656525366079632,-0.4220224984582098,-0.583879428568282,0.22895135560739427,-0.40603626335839554,-0.2848786585544884,-0.09305357085056606,-0.5476787416601461,-0.8233348982605319,-0.7766936749678595,0.182616174151188,0.9026462964492181,-0.4550793470992372,-0.5648937123993887,-0.36433098048290447,-0.590126884067202,-0.6405694603267994
23,-0.38094038995404783,-0.831984186886405,1.1737442938000886,-1.4138896294776677,-1.7992814484911204,0.7952223910303535,-0.9143801141414626,-1.4231398966037814,1.4578227432428883,2.3984004030596324,0.5955679369507875,0.20291767194485955,-1.1977170285735599,0.5757699576556903,-1.6616056115683808,1.0349971553286044,-0.5518616826379625,-1.7434431907742884,0.17589264412925676,-0.19634106496162118,-1.6643244964975141,-0.730365792684438,-0.5937050110296155,0.5091799797252763,0.49174494869564805,-0.09097379674439555,-0.5702047105588042,0.4507520188419478,-0.49536684751086985,0.42398370946413977,-1.0440244993688972,0.22583020456070432,-1.8332798475724263,0.12136924772811207,-0.37199761054046376,-0.06435659266521288,-0.9521227801388017,-1.494403267050889,0.951844796111284,-0.8773930472325245,0.8869609992905868,-1.6706331757620672,-0.7369707177952982,-1.104380392057836,-0.011878304693582207,-0.4811970784954338,1.8499822394802057,0.20525728420899234,-0.8495411734363705,-0.21217721005918874,0.5842625170555528,1.5777137664782952,-1.2417555517757806,-0.3608586320948177,2.0516103585493,0.5088443760523458,-1.0411487729366298,-2.2422908594968605,-0.22061660621907628,1.8446495941574037,-2.2556519539878352,0.3133501922549304,-0.22237150175309317,-0.1676025908966368
24,-0.07549991631254509,-0.24002048789446165,1.0786110127972033,0.1978085452308886,-0.34888795207477474,1.0438583807597828,-0.49587630288786766,0.4056487631448201,0.37440971264618345,0.3350335704049754,-0.3808496558565969,-0.12008741899077269,-0.4428484014582237,-0.3312978272048524,-0.15710550103243887,0.4592259788184366,0.6569560729445784,0.9091204776964357,-0.3603997635144116,-0.4677996001046479,0.5497665508605826,0.17365091533454313,-0.15629016557051342,-0.509091607748438,0.7356794026700569,0.6032823088080832,-0.71396885587394,0.7787651867937507,-0.06542038829435493,-1.0558844554825544,0.2641255152163879,-0.887080864768015,-0.5537842593407156,0.2500885104563252,0.8723645711865148,0.22752022302346017,-0.1392962296737658,0.21884547940974589,0.484902988646418,0.4943350113281806,-0.2144040974857235,0.23415832217346902,-0.5575389718040359,0.6451471018580558,0.5903801558342029,-0.36078639809749197,-0.29012534135799717,0.2380709553627975,0.6219714450039627,-0.9047931198617614,0.5088109911349393,0.11525736618320392,0.14113342405435075,-0.673035922993054,-0.06399947399230697,0.8388467220137351,0.2345309393021078,-0.1525266072548221,-0.42762295080146917,-0.27752249475460805,0.6043344189993172,0.9861986382971935,-0.34744014560769065,0.21444013677536933
